,precision,recall,f1-score,support
0,0.9310344827586207,1.0,0.9642857142857143,54.0
1,1.0,0.5,0.6666666666666666,8.0
accuracy,0.9354838709677419,0.9354838709677419,0.9354838709677419,0.9354838709677419
macro avg,0.9655172413793103,0.75,0.8154761904761905,62.0
weighted avg,0.9399332591768632,0.9354838709677419,0.9258832565284179,62.0
